state,stars,hours,review_count
LA,2.0,"{'Monday': '5:0-20:0', 'Tuesday': '5:0-20:0', 'Wednesday': '5:0-20:0', 'Thursday': '5:0-20:0', 'Friday': '5:0-20:0', 'Saturday': '5:0-20:0', 'Sunday': '5:0-20:0'}",116
PA,4.0,"{'Monday': '0:0-0:0', 'Tuesday': '11:0-20:30', 'Wednesday': '11:0-20:30', 'Thursday': '11:0-20:30', 'Friday': '11:0-20:30', 'Saturday': '11:0-20:30', 'Sunday': '11:0-20:30'}",276
TN,4.5,,18
FL,1.5,"{'Monday': '10:30-21:0', 'Tuesday': '10:30-21:0', 'Wednesday': '10:30-21:0', 'Thursday': '10:30-21:0', 'Friday': '10:30-21:0', 'Saturday': '10:30-21:0', 'Sunday': '10:30-20:0'}",28
LA,4.0,"{'Monday': '11:0-18:30', 'Tuesday': '11:0-18:30', 'Wednesday': '11:0-18:30', 'Thursday': '11:0-18:30', 'Friday': '11:0-18:30', 'Saturday': '11:0-18:30'}",29
TN,2.5,"{'Monday': '0:0-0:0', 'Tuesday': '0:0-0:0', 'Wednesday': '0:0-0:0', 'Thursday': '0:0-0:0', 'Friday': '0:0-0:0', 'Saturday': '0:0-0:0', 'Sunday': '0:0-0:0'}",23
LA,4.5,"{'Monday': '0:0-0:0', 'Tuesday': '10:0-22:0', 'Wednesday': '10:0-22:0', 'Thursday': '10:0-22:0', 'Friday': '10:0-22:0', 'Saturday': '10:0-22:0', 'Sunday': '10:0-22:0'}",630
PA,3.0,,10
CA,5.0,"{'Thursday': '16:0-20:0', 'Friday': '16:0-21:0', 'Saturday': '12:0-20:30', 'Sunday': '12:0-19:0'}",17
ID,2.0,"{'Monday': '6:0-1:0', 'Tuesday': '6:0-1:0', 'Wednesday': '6:0-1:0', 'Thursday': '6:0-1:0', 'Friday': '0:0-0:0', 'Saturday': '0:0-0:0', 'Sunday': '6:0-1:0'}",88
LA,3.0,"{'Monday': '11:0-22:0', 'Tuesday': '11:0-22:0', 'Wednesday': '11:0-22:0', 'Thursday': '11:0-22:0', 'Friday': '11:0-22:0', 'Saturday': '11:0-22:0', 'Sunday': '11:0-22:0'}",14
TN,3.0,"{'Monday': '0:0-0:0', 'Tuesday': '11:0-20:0', 'Wednesday': '11:0-18:0', 'Thursday': '11:0-20:0', 'Friday': '11:0-20:0', 'Saturday': '11:0-20:0', 'Sunday': '11:0-20:0'}",52
NV,4.5,"{'Monday': '8:0-16:0', 'Tuesday': '8:0-16:0', 'Wednesday': '8:0-16:0', 'Thursday': '8:0-16:0', 'Friday': '8:0-16:0'}",91
MO,3.5,"{'Wednesday': '11:30-18:0', 'Thursday': '11:30-18:0', 'Friday': '11:30-18:0', 'Saturday': '11:30-18:0', 'Sunday': '11:30-18:0'}",428
LA,4.5,"{'Tuesday': '11:30-19:30', 'Wednesday': '11:30-19:30', 'Thursday': '11:30-19:30', 'Friday': '11:30-21:0', 'Saturday': '17:0-21:0'}",53
FL,4.5,"{'Monday': '11:0-14:0', 'Tuesday': '11:0-19:30', 'Wednesday': '11:0-19:30', 'Thursday': '11:0-19:30', 'Friday': '11:0-19:30', 'Saturday': '11:0-19:30'}",87
FL,4.0,"{'Monday': '0:0-0:0', 'Tuesday': '11:0-20:0', 'Wednesday': '11:0-20:0', 'Thursday': '11:0-20:0', 'Friday': '11:0-20:0', 'Saturday': '11:0-20:0', 'Sunday': '11:0-18:30'}",38
LA,3.0,"{'Monday': '11:0-22:0', 'Tuesday': '11:0-22:0', 'Wednesday': '11:0-22:0', 'Thursday': '11:0-22:0', 'Friday': '14:0-0:0', 'Saturday': '14:0-0:0', 'Sunday': '12:0-23:0'}",89
AZ,3.5,"{'Monday': '10:0-19:0', 'Tuesday': '10:0-19:0', 'Wednesday': '10:0-19:0', 'Thursday': '10:0-19:0', 'Friday': '10:0-19:0', 'Saturday': '10:0-19:0', 'Sunday': '11:0-17:0'}",83
AZ,4.5,"{'Tuesday': '9:0-21:0', 'Wednesday': '9:0-21:0', 'Thursday': '9:0-21:0', 'Friday': '9:0-22:0', 'Saturday': '9:0-22:0', 'Sunday': '9:0-21:0'}",16
PA,3.5,"{'Monday': '0:0-0:0', 'Tuesday': '10:0-22:0', 'Thursday': '10:0-22:0', 'Friday': '10:0-22:0', 'Saturday': '10:0-22:0', 'Sunday': '11:0-22:0'}",32
FL,3.5,"{'Monday': '0:0-0:0', 'Tuesday': '7:0-20:30', 'Wednesday': '7:0-20:30', 'Thursday': '8:0-19:0', 'Friday': '8:0-19:0', 'Saturday': '7:0-20:30', 'Sunday': '7:0-20:30'}",69
IN,2.5,"{'Monday': '0:0-0:0', 'Tuesday': '5:30-23:0', 'Wednesday': '5:30-23:0', 'Thursday': '5:30-23:0', 'Friday': '5:30-23:0', 'Saturday': '5:30-23:0', 'Sunday': '5:30-23:0'}",28
NV,4.5,"{'Monday': '10:0-2:0', 'Tuesday': '10:0-2:0', 'Wednesday': '10:0-2:0', 'Thursday': '10:0-2:0', 'Friday': '10:0-2:0', 'Saturday': '10:0-2:0', 'Sunday': '10:0-2:0'}",150
TN,4.5,"{'Monday': '10:0-21:0', 'Tuesday': '10:0-21:0', 'Wednesday': '10:0-21:0', 'Thursday': '10:0-21:0', 'Friday': '10:0-22:0', 'Saturday': '9:0-22:0', 'Sunday': '9:0-22:0'}",8
FL,4.0,"{'Monday': '0:0-0:0', 'Tuesday': '11:0-21:0', 'Wednesday': '11:0-21:0', 'Thursday': '11:0-21:0', 'Friday': '11:0-21:0', 'Sunday': '10:30-21:0'}",491
PA,3.0,"{'Monday': '10:0-22:0', 'Tuesday': '10:0-22:0', 'Wednesday': '10:0-22:0', 'Thursday': '10:0-22:0', 'Friday': '10:0-23:0', 'Saturday': '10:0-23:0', 'Sunday': '11:0-21:0'}",57
TN,4.5,"{'Tuesday': '17:0-21:30', 'Wednesday': '17:0-21:30', 'Thursday': '17:0-21:30', 'Friday': '17:0-22:0', 'Saturday': '17:0-22:0', 'Sunday': '17:0-22:0'}",207
NJ,3.0,"{'Monday': '8:0-1:0', 'Tuesday': '8:0-1:0', 'Wednesday': '8:0-1:0', 'Thursday': '8:0-1:0', 'Friday': '8:0-1:0', 'Saturday': '8:0-1:0', 'Sunday': '8:0-1:0'}",25
NJ,4.0,"{'Monday': '11:0-22:0', 'Tuesday': '11:0-22:0', 'Wednesday': '11:0-22:0', 'Thursday': '11:0-22:0', 'Friday': '11:0-22:0', 'Saturday': '11:0-22:0'}",16
TN,2.5,,15
NJ,4.5,"{'Tuesday': '11:0-22:0', 'Wednesday': '11:0-22:0', 'Thursday': '11:0-22:0', 'Friday': '11:0-22:30', 'Saturday': '11:0-22:30', 'Sunday': '13:0-21:30'}",52
AZ,4.5,"{'Monday': '0:0-0:0', 'Tuesday': '10:45-16:0', 'Wednesday': '11:0-22:0', 'Thursday': '11:0-22:0', 'Friday': '11:0-23:0', 'Saturday': '11:0-23:0'}",7
PA,2.5,"{'Monday': '11:0-21:30', 'Tuesday': '11:0-21:30', 'Wednesday': '11:0-21:30', 'Thursday': '11:0-21:30', 'Friday': '11:0-22:0', 'Saturday': '11:0-22:0', 'Sunday': '12:0-21:30'}",26
PA,3.5,"{'Monday': '10:30-22:0', 'Tuesday': '10:30-22:0', 'Wednesday': '10:30-22:0', 'Thursday': '10:30-22:0', 'Friday': '10:30-22:0', 'Saturday': '11:0-22:0', 'Sunday': '11:0-21:0'}",71
FL,3.5,"{'Monday': '0:0-0:0', 'Tuesday': '11:0-22:0', 'Wednesday': '11:0-22:0', 'Thursday': '11:0-22:0', 'Friday': '11:0-23:0', 'Saturday': '11:0-23:0', 'Sunday': '11:0-22:0'}",63
PA,4.0,"{'Monday': '11:0-22:0', 'Tuesday': '11:0-22:0', 'Wednesday': '11:0-22:0', 'Thursday': '11:0-22:0', 'Friday': '11:0-22:30', 'Saturday': '11:0-22:30', 'Sunday': '12:0-21:30'}",25
IN,4.0,"{'Monday': '16:0-22:0', 'Tuesday': '17:0-21:0', 'Wednesday': '17:0-21:0', 'Thursday': '17:0-21:0', 'Friday': '16:0-22:0', 'Saturday': '16:0-22:0', 'Sunday': '11:0-20:0'}",413
MO,3.0,"{'Monday': '0:0-0:0', 'Tuesday': '11:0-20:30', 'Wednesday': '11:0-20:30', 'Thursday': '11:0-20:30', 'Friday': '11:0-21:30', 'Saturday': '11:0-21:30', 'Sunday': '12:0-20:0'}",57
PA,3.0,"{'Tuesday': '11:0-21:30', 'Wednesday': '11:0-21:30', 'Thursday': '11:0-21:30', 'Friday': '11:0-21:30', 'Saturday': '12:0-22:30', 'Sunday': '15:0-21:30'}",45
PA,4.5,"{'Tuesday': '16:0-21:0', 'Wednesday': '16:0-21:0', 'Thursday': '16:0-21:0', 'Friday': '16:0-22:0', 'Saturday': '12:0-22:0', 'Sunday': '12:0-21:0'}",55
FL,3.5,"{'Monday': '11:0-21:30', 'Tuesday': '11:0-21:30', 'Wednesday': '11:0-21:30', 'Thursday': '11:0-21:30', 'Friday': '11:0-22:0', 'Saturday': '11:0-22:0', 'Sunday': '12:0-21:30'}",97
TN,4.0,"{'Monday': '11:0-18:0', 'Tuesday': '11:0-21:0', 'Wednesday': '11:0-21:0', 'Thursday': '11:0-21:0', 'Friday': '11:0-21:0', 'Saturday': '11:0-21:0', 'Sunday': '17:0-21:0'}",141
MO,4.5,"{'Monday': '0:0-0:0', 'Tuesday': '7:0-14:30', 'Wednesday': '7:0-14:30', 'Thursday': '7:0-14:30', 'Friday': '7:0-14:30', 'Saturday': '7:0-14:30', 'Sunday': '7:0-14:30'}",75
LA,2.0,"{'Monday': '11:0-22:0', 'Tuesday': '11:0-22:0', 'Wednesday': '11:0-22:0', 'Thursday': '11:0-22:0', 'Friday': '11:0-23:0', 'Saturday': '11:0-23:0', 'Sunday': '11:0-22:0'}",6
PA,3.5,"{'Monday': '11:0-22:0', 'Tuesday': '11:0-22:0', 'Wednesday': '11:0-22:0', 'Thursday': '11:0-22:0', 'Friday': '11:0-23:0', 'Saturday': '11:0-23:0', 'Sunday': '12:0-22:0'}",26
IN,4.0,"{'Monday': '0:0-0:0', 'Tuesday': '10:45-22:0', 'Wednesday': '10:45-22:0', 'Thursday': '10:45-22:0', 'Friday': '10:45-20:0', 'Saturday': '10:45-22:0', 'Sunday': '10:45-22:0'}",216
AB,4.0,"{'Monday': '10:0-21:0', 'Tuesday': '10:0-21:0', 'Wednesday': '10:0-21:0', 'Thursday': '10:0-21:0', 'Friday': '10:0-21:0', 'Saturday': '10:0-21:0', 'Sunday': '10:0-21:0'}",19
TN,3.5,"{'Monday': '0:0-0:0', 'Tuesday': '6:30-15:0', 'Wednesday': '6:30-15:0', 'Thursday': '6:30-15:0', 'Friday': '6:30-15:0', 'Saturday': '7:0-14:0', 'Sunday': '8:0-13:0'}",73
AB,1.0,"{'Monday': '16:0-2:0', 'Tuesday': '16:0-2:0', 'Wednesday': '16:0-2:0', 'Thursday': '11:0-2:0', 'Friday': '11:0-3:0', 'Saturday': '11:0-3:0', 'Sunday': '11:0-0:0'}",6
MO,3.0,"{'Monday': '0:0-0:0', 'Tuesday': '15:0-21:0', 'Wednesday': '15:0-21:0', 'Thursday': '15:0-21:0', 'Friday': '16:0-22:0', 'Saturday': '16:0-21:0'}",128
PA,2.5,"{'Monday': '11:0-0:0', 'Tuesday': '11:0-0:0', 'Wednesday': '11:0-0:0', 'Thursday': '11:0-0:0', 'Friday': '11:0-1:0', 'Saturday': '11:0-1:0', 'Sunday': '11:0-0:0'}",125
PA,4.5,"{'Monday': '0:0-0:0', 'Tuesday': '16:0-21:0', 'Wednesday': '16:0-21:0', 'Thursday': '16:0-21:0', 'Friday': '16:0-22:0', 'Saturday': '14:0-20:0', 'Sunday': '14:0-20:0'}",770
PA,2.5,"{'Tuesday': '16:0-22:0', 'Wednesday': '16:0-22:0', 'Thursday': '16:0-22:0', 'Friday': '16:0-23:0', 'Saturday': '16:0-23:0'}",20
PA,3.0,"{'Monday': '11:0-21:0', 'Tuesday': '11:0-21:0', 'Wednesday': '11:0-21:0', 'Thursday': '11:0-21:0', 'Friday': '11:0-22:0', 'Saturday': '11:0-22:0', 'Sunday': '11:0-21:0'}",17
IN,2.0,"{'Monday': '11:0-21:0', 'Tuesday': '11:0-21:0', 'Wednesday': '11:0-21:0', 'Thursday': '11:0-21:0', 'Friday': '11:0-21:0', 'Saturday': '11:0-21:0', 'Sunday': '11:0-21:0'}",10
FL,3.5,"{'Monday': '11:0-22:0', 'Tuesday': '11:0-22:0', 'Wednesday': '11:0-22:0', 'Thursday': '11:0-0:0', 'Friday': '11:0-0:0', 'Saturday': '11:0-0:0', 'Sunday': '11:0-22:0'}",63
LA,4.0,"{'Monday': '11:0-22:0', 'Thursday': '11:0-22:0', 'Friday': '11:0-22:0', 'Saturday': '11:0-22:0', 'Sunday': '11:0-22:0'}",7568
PA,3.5,"{'Monday': '8:0-21:0', 'Tuesday': '8:0-21:0', 'Wednesday': '8:0-21:0', 'Thursday': '8:0-21:0', 'Friday': '8:0-22:0', 'Saturday': '8:0-22:0', 'Sunday': '8:0-21:0'}",36
NJ,3.5,"{'Monday': '10:30-22:0', 'Tuesday': '10:30-22:0', 'Wednesday': '10:30-22:0', 'Thursday': '10:30-22:0', 'Friday': '10:30-22:30', 'Saturday': '10:30-22:30', 'Sunday': '10:30-22:0'}",58
PA,3.5,"{'Monday': '10:0-22:0', 'Tuesday': '10:0-22:0', 'Wednesday': '10:0-22:0', 'Thursday': '10:0-22:0', 'Friday': '10:0-22:0', 'Saturday': '9:0-23:0', 'Sunday': '9:0-23:0'}",32
AB,3.5,"{'Monday': '7:0-14:0', 'Tuesday': '7:0-14:0', 'Wednesday': '7:0-14:0', 'Thursday': '7:0-14:0', 'Friday': '7:0-14:0'}",19
PA,3.5,"{'Monday': '17:0-21:0', 'Wednesday': '11:30-21:30', 'Thursday': '11:30-21:30', 'Friday': '11:30-22:30', 'Saturday': '11:30-22:30', 'Sunday': '11:30-21:0'}",142
PA,2.5,"{'Monday': '5:30-20:0', 'Tuesday': '5:30-20:0', 'Wednesday': '5:30-20:0', 'Thursday': '5:30-20:0', 'Friday': '5:30-20:30', 'Saturday': '5:30-20:30', 'Sunday': '8:0-19:0'}",38
FL,3.0,"{'Monday': '0:0-0:0', 'Tuesday': '5:30-14:0', 'Wednesday': '5:30-14:0', 'Thursday': '5:30-14:0', 'Friday': '5:30-14:0', 'Saturday': '7:0-14:0', 'Sunday': '6:0-14:0'}",20
PA,4.0,"{'Monday': '11:0-22:30', 'Tuesday': '11:0-22:30', 'Wednesday': '11:0-22:30', 'Thursday': '11:0-22:30', 'Friday': '11:0-23:30', 'Saturday': '11:0-23:30', 'Sunday': '12:0-22:30'}",39
AZ,3.0,"{'Monday': '11:0-21:0', 'Tuesday': '11:0-21:0', 'Wednesday': '11:0-21:0', 'Thursday': '11:0-21:0', 'Friday': '11:0-21:0', 'Saturday': '11:0-21:0', 'Sunday': '11:0-21:0'}",44
MO,2.5,"{'Monday': '11:0-21:0', 'Tuesday': '11:0-21:0', 'Wednesday': '11:0-21:0', 'Thursday': '11:0-21:0', 'Friday': '11:0-21:0', 'Saturday': '11:0-21:0', 'Sunday': '11:0-21:0'}",11
IL,3.0,"{'Monday': '6:0-15:0', 'Tuesday': '6:0-15:0', 'Wednesday': '6:0-15:0', 'Thursday': '6:0-15:0', 'Friday': '6:0-15:0', 'Saturday': '6:0-15:0', 'Sunday': '6:0-15:0'}",19
AB,3.5,"{'Monday': '17:30-22:30', 'Tuesday': '17:30-22:30', 'Wednesday': '17:30-22:30', 'Thursday': '17:30-22:30', 'Friday': '17:30-22:30', 'Saturday': '17:30-22:30', 'Sunday': '10:30-13:30'}",17
PA,3.0,"{'Monday': '11:0-2:0', 'Tuesday': '11:0-2:0', 'Wednesday': '11:0-2:0', 'Thursday': '11:0-2:0', 'Friday': '11:0-2:0', 'Saturday': '11:0-2:0', 'Sunday': '11:0-2:0'}",5
FL,4.5,"{'Monday': '8:0-23:0', 'Tuesday': '8:0-23:0', 'Wednesday': '8:0-23:0', 'Thursday': '8:0-23:0', 'Friday': '8:0-23:0', 'Saturday': '8:0-23:0', 'Sunday': '8:0-23:0'}",68
FL,4.5,"{'Monday': '11:0-21:0', 'Tuesday': '11:0-21:0', 'Wednesday': '11:0-21:0', 'Thursday': '11:0-21:0', 'Friday': '11:0-21:0', 'Saturday': '11:0-21:0'}",62
IN,3.0,"{'Monday': '10:30-22:0', 'Tuesday': '10:30-22:0', 'Wednesday': '10:30-22:0', 'Thursday': '10:30-22:0', 'Friday': '10:30-22:0', 'Saturday': '10:30-22:0', 'Sunday': '10:30-22:0'}",44
AB,4.0,"{'Monday': '11:0-20:0', 'Tuesday': '11:0-20:0', 'Wednesday': '11:0-20:0', 'Thursday': '11:0-20:0', 'Friday': '11:0-20:0', 'Saturday': '11:0-20:0', 'Sunday': '11:0-20:0'}",59
PA,4.0,"{'Monday': '11:0-2:0', 'Tuesday': '11:0-2:0', 'Wednesday': '11:0-2:0', 'Thursday': '11:0-2:0', 'Friday': '11:0-2:0', 'Saturday': '11:0-2:0', 'Sunday': '11:0-2:0'}",38
FL,4.5,"{'Monday': '11:0-21:0', 'Tuesday': '11:0-21:0', 'Wednesday': '11:0-21:0', 'Thursday': '11:0-21:0', 'Friday': '11:0-21:0', 'Saturday': '11:0-21:0', 'Sunday': '11:0-19:0'}",29
AZ,4.5,"{'Monday': '10:0-22:0', 'Tuesday': '10:0-22:0', 'Wednesday': '10:0-22:0', 'Thursday': '10:0-22:0', 'Friday': '10:0-22:0', 'Saturday': '10:0-22:0'}",34
PA,3.0,,29
MO,2.5,"{'Monday': '0:0-0:0', 'Tuesday': '10:0-0:0', 'Wednesday': '10:0-0:0', 'Thursday': '10:0-0:0', 'Friday': '10:0-1:0', 'Saturday': '10:0-1:0', 'Sunday': '10:0-21:0'}",12
PA,4.0,"{'Monday': '7:0-19:0', 'Tuesday': '7:0-19:0', 'Thursday': '7:0-19:0', 'Friday': '7:0-19:0', 'Saturday': '8:0-19:0', 'Sunday': '9:0-17:0'}",25
NJ,4.0,"{'Tuesday': '11:30-21:0', 'Wednesday': '11:30-21:0', 'Thursday': '11:30-21:0', 'Friday': '11:30-21:0', 'Saturday': '11:30-21:0', 'Sunday': '11:30-21:0'}",12
IN,5.0,"{'Monday': '7:0-14:0', 'Tuesday': '7:0-14:0', 'Wednesday': '7:0-14:0', 'Thursday': '7:0-14:0', 'Friday': '7:0-14:0', 'Saturday': '8:0-14:0'}",21
PA,4.0,"{'Friday': '9:0-21:0', 'Saturday': '9:0-20:0'}",16
PA,3.5,,16
MO,3.0,"{'Monday': '10:30-19:0', 'Tuesday': '10:30-19:0', 'Wednesday': '10:30-19:0', 'Thursday': '10:30-19:0', 'Friday': '10:30-19:0', 'Saturday': '10:30-19:0', 'Sunday': '10:30-19:0'}",41
PA,4.0,"{'Monday': '17:0-0:0', 'Tuesday': '17:0-0:0', 'Wednesday': '17:0-0:0', 'Thursday': '17:0-0:0', 'Friday': '17:0-1:0', 'Saturday': '17:0-1:0'}",31
DE,4.0,"{'Tuesday': '10:0-20:0', 'Wednesday': '10:0-20:0', 'Thursday': '10:0-20:0', 'Friday': '10:0-20:0', 'Saturday': '10:0-20:0', 'Sunday': '10:0-16:0'}",88
AZ,3.5,"{'Monday': '6:0-13:30', 'Tuesday': '6:0-13:30', 'Wednesday': '6:0-13:30', 'Thursday': '6:0-13:30', 'Friday': '6:0-13:30', 'Saturday': '6:0-13:0', 'Sunday': '6:0-13:0'}",132
DE,4.0,"{'Tuesday': '16:0-1:0', 'Wednesday': '16:0-1:0', 'Thursday': '16:0-1:0', 'Friday': '16:0-1:0', 'Saturday': '12:0-1:0', 'Sunday': '12:0-22:0'}",172
FL,4.5,"{'Monday': '11:0-20:0', 'Tuesday': '11:0-20:0', 'Wednesday': '11:0-20:0', 'Thursday': '11:0-20:0', 'Friday': '11:0-20:0', 'Saturday': '11:0-20:0', 'Sunday': '11:0-20:0'}",5
PA,4.0,"{'Monday': '6:0-18:30', 'Tuesday': '6:0-18:30', 'Wednesday': '6:0-18:30', 'Thursday': '6:0-18:30', 'Friday': '6:0-19:0', 'Saturday': '6:0-19:0', 'Sunday': '6:0-18:30'}",27
PA,4.0,"{'Monday': '11:0-22:0', 'Tuesday': '11:0-22:0', 'Wednesday': '11:0-22:0', 'Thursday': '11:0-22:0', 'Friday': '11:0-23:0', 'Saturday': '11:0-23:0', 'Sunday': '15:0-22:0'}",44
FL,3.5,"{'Monday': '11:0-22:0', 'Tuesday': '11:0-22:0', 'Wednesday': '11:0-22:0', 'Thursday': '11:0-22:0', 'Friday': '11:0-22:0', 'Saturday': '12:0-22:0', 'Sunday': '12:0-21:0'}",53
PA,3.0,"{'Monday': '0:0-0:0', 'Tuesday': '10:45-22:0', 'Wednesday': '10:45-22:0', 'Thursday': '10:45-22:0', 'Friday': '10:45-22:0', 'Saturday': '10:45-22:0', 'Sunday': '10:45-22:0'}",93
FL,3.5,"{'Monday': '17:0-22:0', 'Tuesday': '17:0-22:0', 'Wednesday': '17:0-22:0', 'Thursday': '17:0-22:0', 'Friday': '17:0-23:0', 'Saturday': '17:0-23:0'}",15
PA,3.5,"{'Monday': '0:0-0:0', 'Tuesday': '10:30-22:0', 'Wednesday': '10:30-22:0', 'Thursday': '10:30-22:0', 'Friday': '10:30-23:0', 'Saturday': '10:30-23:0', 'Sunday': '11:30-22:0'}",58
ID,4.0,,20
IN,1.5,,7
PA,3.0,,8
IN,4.0,"{'Monday': '11:0-22:0', 'Tuesday': '11:0-22:0', 'Wednesday': '11:0-22:0', 'Thursday': '11:0-22:0', 'Friday': '11:0-22:30', 'Saturday': '11:0-22:30', 'Sunday': '11:0-22:0'}",65
NJ,4.0,,7
PA,3.5,"{'Monday': '11:0-22:0', 'Tuesday': '11:0-22:0', 'Wednesday': '11:0-22:0', 'Thursday': '11:0-22:0', 'Friday': '11:0-23:0', 'Saturday': '12:0-23:0', 'Sunday': '13:0-22:0'}",64
FL,2.5,"{'Monday': '9:0-21:0', 'Tuesday': '9:0-21:0', 'Wednesday': '9:0-21:0', 'Thursday': '9:0-21:0', 'Friday': '9:0-21:0', 'Saturday': '9:0-21:0', 'Sunday': '9:0-21:0'}",18
LA,3.5,"{'Monday': '11:0-23:0', 'Tuesday': '11:0-23:0', 'Wednesday': '11:0-23:0', 'Thursday': '11:0-23:0', 'Friday': '11:0-1:0', 'Saturday': '11:0-1:0', 'Sunday': '11:0-23:0'}",50
AB,4.0,"{'Monday': '15:0-20:0', 'Tuesday': '15:0-20:0', 'Wednesday': '15:0-20:0', 'Thursday': '15:0-20:0', 'Friday': '15:0-20:0', 'Saturday': '15:0-20:0', 'Sunday': '15:0-20:0'}",20
AZ,3.0,"{'Monday': '11:0-22:0', 'Tuesday': '11:0-22:0', 'Wednesday': '11:0-22:0', 'Thursday': '11:0-22:0', 'Friday': '11:0-23:0', 'Saturday': '11:0-23:0', 'Sunday': '11:0-22:0'}",380
NJ,3.5,"{'Monday': '11:0-20:0', 'Tuesday': '11:0-20:0', 'Wednesday': '11:0-20:0', 'Thursday': '11:0-20:0', 'Friday': '11:0-20:0', 'Saturday': '11:0-20:0', 'Sunday': '11:0-16:0'}",20
MO,4.0,"{'Tuesday': '14:0-21:0', 'Wednesday': '14:0-21:0', 'Thursday': '14:0-21:0', 'Friday': '14:0-21:0', 'Saturday': '11:0-21:0'}",25
PA,3.0,"{'Monday': '0:0-0:0', 'Tuesday': '6:30-21:0', 'Wednesday': '6:30-21:0', 'Thursday': '6:30-21:0', 'Friday': '6:30-21:0', 'Saturday': '6:30-17:0'}",47
TN,4.5,"{'Monday': '9:30-16:0', 'Tuesday': '9:30-16:0', 'Wednesday': '9:30-16:0', 'Thursday': '9:30-16:0', 'Friday': '9:30-16:0', 'Saturday': '11:0-19:30'}",17
PA,3.5,"{'Monday': '11:0-23:0', 'Tuesday': '11:0-23:0', 'Wednesday': '11:0-23:0', 'Thursday': '11:0-23:0', 'Friday': '11:0-23:0', 'Saturday': '11:0-23:0', 'Sunday': '11:0-23:0'}",47
LA,4.5,"{'Wednesday': '17:30-21:0', 'Thursday': '17:30-21:0', 'Friday': '17:30-21:0', 'Saturday': '5:30-21:0', 'Sunday': '10:0-13:30'}",468
PA,2.5,"{'Monday': '12:0-22:0', 'Tuesday': '12:0-22:0', 'Wednesday': '12:0-22:0', 'Thursday': '12:0-22:0', 'Friday': '12:0-23:0', 'Saturday': '12:0-23:0', 'Sunday': '12:0-22:0'}",8
IN,3.0,"{'Monday': '0:0-0:0', 'Tuesday': '11:0-20:0', 'Wednesday': '11:30-20:0', 'Thursday': '11:30-20:0', 'Friday': '11:30-20:0', 'Saturday': '11:30-20:0', 'Sunday': '11:30-20:0'}",42
PA,4.0,"{'Monday': '7:0-20:0', 'Tuesday': '7:0-20:0', 'Wednesday': '7:0-20:0', 'Thursday': '7:0-20:0', 'Friday': '7:0-20:0', 'Saturday': '8:0-20:0', 'Sunday': '8:0-20:0'}",20
MO,1.5,,11
IN,4.5,"{'Tuesday': '18:0-0:0', 'Wednesday': '18:0-0:0', 'Thursday': '18:0-0:0', 'Friday': '18:0-0:0', 'Saturday': '18:0-0:0'}",15
TN,4.0,"{'Monday': '10:30-20:0', 'Tuesday': '10:30-20:0', 'Wednesday': '10:30-20:0', 'Thursday': '10:30-20:0', 'Friday': '10:30-20:0', 'Saturday': '10:30-20:0'}",9
FL,4.5,"{'Monday': '16:0-1:0', 'Tuesday': '16:0-1:0', 'Wednesday': '16:0-1:0', 'Thursday': '16:0-1:0', 'Friday': '16:0-1:0', 'Saturday': '16:0-1:0', 'Sunday': '16:0-1:0'}",11
FL,4.0,"{'Monday': '11:30-21:0', 'Tuesday': '11:30-22:0', 'Wednesday': '11:30-22:0', 'Thursday': '11:30-22:0', 'Friday': '11:30-23:0', 'Saturday': '11:30-23:0', 'Sunday': '11:30-21:0'}",72
TN,4.0,"{'Monday': '0:0-0:0', 'Tuesday': '11:0-21:0', 'Wednesday': '11:0-21:0', 'Thursday': '11:0-21:0', 'Friday': '11:0-22:0', 'Saturday': '11:0-22:0', 'Sunday': '11:0-21:0'}",59
IL,3.5,"{'Monday': '9:0-16:0', 'Tuesday': '9:0-16:0', 'Wednesday': '9:0-16:0', 'Thursday': '9:0-16:0', 'Friday': '9:0-16:0', 'Saturday': '9:0-16:0'}",8
PA,3.0,"{'Monday': '12:0-21:30', 'Tuesday': '12:0-21:30', 'Wednesday': '12:0-21:30', 'Thursday': '12:0-21:30', 'Friday': '12:0-22:30', 'Saturday': '12:0-22:30', 'Sunday': '12:0-21:30'}",209
ID,4.0,"{'Monday': '7:0-14:0', 'Tuesday': '7:0-14:0', 'Wednesday': '7:0-14:0', 'Thursday': '7:0-14:0', 'Friday': '7:0-14:0', 'Saturday': '7:0-15:0', 'Sunday': '7:0-15:0'}",54
PA,3.5,"{'Monday': '0:0-0:0', 'Tuesday': '0:0-0:0', 'Wednesday': '0:0-0:0', 'Thursday': '0:0-0:0', 'Friday': '0:0-0:0', 'Saturday': '0:0-0:0', 'Sunday': '0:0-0:0'}",153
IN,2.5,"{'Monday': '5:0-5:0', 'Tuesday': '5:0-5:0', 'Wednesday': '5:0-5:0', 'Thursday': '5:0-5:0', 'Friday': '5:0-5:0', 'Saturday': '5:0-5:0', 'Sunday': '5:0-5:0'}",20
PA,3.0,"{'Monday': '7:0-20:0', 'Tuesday': '7:0-20:0', 'Wednesday': '7:0-20:0', 'Thursday': '7:0-20:0', 'Friday': '7:0-20:0', 'Saturday': '7:0-20:0', 'Sunday': '7:0-20:0'}",56
AZ,4.0,"{'Monday': '11:0-21:0', 'Wednesday': '11:0-21:0', 'Thursday': '11:0-21:0', 'Friday': '11:0-21:0', 'Saturday': '11:0-21:0', 'Sunday': '11:0-21:0'}",8
LA,5.0,"{'Thursday': '11:0-21:0', 'Friday': '11:0-22:0', 'Saturday': '11:0-22:0', 'Sunday': '10:0-20:0'}",20
TN,4.5,"{'Monday': '11:0-20:0', 'Tuesday': '11:0-20:0', 'Wednesday': '11:0-20:0', 'Thursday': '11:0-20:0', 'Friday': '11:0-21:0', 'Saturday': '11:0-21:0', 'Sunday': '11:0-15:0'}",52
AB,2.0,,9
MO,2.0,"{'Monday': '0:0-0:0', 'Tuesday': '0:0-0:0', 'Wednesday': '0:0-0:0', 'Thursday': '0:0-0:0', 'Friday': '0:0-0:0', 'Saturday': '0:0-0:0', 'Sunday': '0:0-0:0'}",6
PA,4.5,"{'Monday': '9:0-19:0', 'Tuesday': '9:0-19:0', 'Wednesday': '9:0-19:0', 'Thursday': '9:0-19:0', 'Friday': '9:0-19:0', 'Saturday': '9:0-18:0', 'Sunday': '10:0-16:0'}",18
FL,4.0,"{'Monday': '0:0-0:0', 'Tuesday': '7:0-14:30', 'Wednesday': '7:0-14:30', 'Thursday': '7:0-14:30', 'Friday': '7:0-14:30', 'Saturday': '7:0-14:30', 'Sunday': '7:0-14:30'}",243
FL,2.0,"{'Monday': '4:0-1:0', 'Tuesday': '5:30-1:0', 'Wednesday': '5:0-1:0', 'Thursday': '4:0-1:0', 'Friday': '5:0-3:0', 'Saturday': '4:0-3:0', 'Sunday': '5:0-1:0'}",41
LA,3.5,"{'Monday': '11:0-20:0', 'Tuesday': '11:0-20:0', 'Wednesday': '11:0-20:0', 'Thursday': '11:0-20:0', 'Friday': '11:0-21:0', 'Saturday': '11:0-20:0'}",28
DE,3.0,,6
PA,3.5,"{'Monday': '10:45-21:30', 'Wednesday': '10:45-21:30', 'Thursday': '10:45-21:30', 'Friday': '10:45-22:0', 'Saturday': '10:45-22:0', 'Sunday': '11:45-21:30'}",88
NV,4.0,"{'Tuesday': '7:0-20:0', 'Wednesday': '7:0-20:0', 'Thursday': '7:0-20:0', 'Friday': '7:0-20:0', 'Saturday': '7:0-20:0', 'Sunday': '7:0-20:0'}",31
FL,3.0,"{'Monday': '12:0-21:0', 'Tuesday': '12:0-21:0', 'Wednesday': '12:0-21:0', 'Thursday': '12:0-21:0', 'Friday': '12:0-21:0', 'Saturday': '12:0-21:0', 'Sunday': '12:0-21:0'}",104
LA,4.0,"{'Thursday': '17:30-21:0', 'Friday': '17:30-21:0', 'Saturday': '17:30-21:0', 'Sunday': '16:30-20:30'}",330
PA,2.0,"{'Monday': '10:30-23:0', 'Tuesday': '10:30-23:0', 'Wednesday': '10:30-23:0', 'Thursday': '10:30-23:0', 'Friday': '10:30-23:0', 'Saturday': '10:30-23:0', 'Sunday': '10:30-23:0'}",13
FL,3.0,,6
DE,2.5,,5
FL,3.0,"{'Monday': '9:0-1:0', 'Tuesday': '9:0-1:0', 'Wednesday': '9:0-1:0', 'Thursday': '9:0-1:0', 'Friday': '9:0-2:0', 'Saturday': '9:0-2:0', 'Sunday': '9:0-1:0'}",28
FL,3.0,"{'Tuesday': '11:0-21:0', 'Wednesday': '11:0-21:0', 'Thursday': '11:0-21:0', 'Friday': '11:0-1:0', 'Saturday': '11:0-1:0'}",19
AB,3.5,"{'Monday': '11:0-23:0', 'Tuesday': '11:0-23:0', 'Wednesday': '11:0-23:0', 'Thursday': '11:0-23:0', 'Friday': '11:0-23:0', 'Saturday': '11:0-21:30', 'Sunday': '11:0-23:0'}",25
PA,3.0,"{'Monday': '11:0-22:0', 'Tuesday': '11:0-22:0', 'Wednesday': '11:0-22:0', 'Thursday': '11:0-22:0', 'Friday': '11:0-22:0', 'Saturday': '11:0-22:0', 'Sunday': '11:0-21:0'}",8
FL,4.0,"{'Monday': '11:0-22:0', 'Tuesday': '11:0-22:0', 'Wednesday': '11:0-22:0', 'Thursday': '11:0-0:0', 'Friday': '11:0-0:0', 'Saturday': '11:0-0:0', 'Sunday': '11:0-22:0'}",470
NJ,4.0,"{'Monday': '16:0-21:0', 'Tuesday': '16:0-21:0', 'Wednesday': '16:0-21:0', 'Thursday': '12:0-21:0', 'Friday': '12:0-22:0', 'Saturday': '12:0-22:0', 'Sunday': '12:0-20:0'}",121
TN,3.5,"{'Monday': '11:0-21:0', 'Tuesday': '11:0-21:0', 'Wednesday': '11:0-21:0', 'Thursday': '11:0-21:0', 'Friday': '11:0-22:0', 'Saturday': '11:0-22:0', 'Sunday': '11:0-21:0'}",120
TN,4.5,,10
MO,3.5,,5
MO,4.5,"{'Monday': '0:0-0:0', 'Tuesday': '7:0-15:0', 'Wednesday': '7:0-15:0', 'Thursday': '18:30-21:0', 'Friday': '18:30-21:0', 'Saturday': '18:30-21:0', 'Sunday': '8:0-15:0'}",35
TN,4.0,"{'Monday': '16:0-3:0', 'Tuesday': '16:0-3:0', 'Wednesday': '16:0-3:0', 'Thursday': '16:0-3:0', 'Friday': '11:0-3:0', 'Saturday': '11:0-3:0', 'Sunday': '11:0-3:0'}",416
AB,4.0,,15
PA,3.5,"{'Monday': '11:0-22:0', 'Tuesday': '11:0-22:0', 'Wednesday': '11:0-22:0', 'Thursday': '11:0-22:0', 'Friday': '11:0-0:0', 'Saturday': '10:0-0:0', 'Sunday': '10:0-22:0'}",149
FL,3.5,"{'Monday': '0:0-0:0', 'Tuesday': '11:0-21:0', 'Wednesday': '11:0-21:0', 'Thursday': '11:0-19:0', 'Friday': '11:0-21:0', 'Saturday': '11:0-21:0', 'Sunday': '11:0-21:0'}",20
NJ,3.5,"{'Monday': '7:0-22:0', 'Tuesday': '7:0-22:0', 'Wednesday': '7:0-22:0', 'Thursday': '7:0-22:0', 'Friday': '7:0-22:0', 'Sunday': '11:0-21:0'}",12
AZ,3.0,"{'Monday': '10:0-21:0', 'Tuesday': '10:0-21:0', 'Wednesday': '10:0-21:0', 'Thursday': '10:0-21:0', 'Friday': '10:0-21:0', 'Saturday': '10:0-21:0', 'Sunday': '10:0-21:0'}",60
ID,4.0,"{'Monday': '11:0-17:0', 'Tuesday': '10:0-20:0', 'Wednesday': '10:0-20:0', 'Thursday': '10:0-20:0', 'Friday': '10:0-20:0', 'Saturday': '10:0-18:0'}",23
NJ,1.5,"{'Monday': '6:0-0:0', 'Tuesday': '6:0-0:0', 'Wednesday': '6:0-0:0', 'Thursday': '6:0-0:0', 'Friday': '6:0-20:0', 'Saturday': '9:0-21:0', 'Sunday': '6:0-0:0'}",12
NV,3.5,"{'Monday': '11:0-20:0', 'Tuesday': '11:0-20:0', 'Wednesday': '11:0-20:0', 'Thursday': '11:0-20:0', 'Friday': '11:0-20:0', 'Saturday': '11:0-20:0', 'Sunday': '11:0-20:0'}",9
PA,3.5,"{'Monday': '11:0-23:0', 'Tuesday': '11:0-23:0', 'Wednesday': '11:0-23:0', 'Thursday': '11:0-23:0', 'Friday': '11:0-1:0', 'Saturday': '11:0-1:0'}",5
LA,3.5,,24
ID,3.5,"{'Monday': '11:0-1:0', 'Tuesday': '11:0-1:0', 'Wednesday': '11:0-2:0', 'Thursday': '11:0-2:0', 'Friday': '11:0-2:0', 'Saturday': '11:0-2:0', 'Sunday': '11:0-0:0'}",78
FL,3.5,"{'Monday': '11:0-0:0', 'Tuesday': '11:0-22:0', 'Wednesday': '11:0-22:0', 'Thursday': '13:0-20:0', 'Friday': '11:0-0:0', 'Saturday': '11:0-0:0', 'Sunday': '11:0-0:0'}",561
AZ,3.5,"{'Monday': '7:0-1:0', 'Tuesday': '7:0-1:0', 'Wednesday': '7:0-1:0', 'Thursday': '7:0-1:0', 'Friday': '7:0-2:0', 'Saturday': '7:0-2:0', 'Sunday': '7:0-1:0'}",23
FL,3.5,"{'Monday': '0:0-0:0', 'Tuesday': '11:0-18:0', 'Wednesday': '11:0-0:0', 'Thursday': '18:0-2:0', 'Friday': '11:0-1:0', 'Saturday': '11:0-1:0', 'Sunday': '11:0-0:0'}",167
MO,1.5,"{'Monday': '0:0-0:0', 'Tuesday': '8:0-23:0', 'Wednesday': '8:0-23:0', 'Thursday': '8:0-19:0', 'Friday': '9:0-23:0', 'Saturday': '8:0-23:0', 'Sunday': '8:0-23:0'}",8
PA,3.5,,6
ID,4.0,"{'Monday': '11:0-23:0', 'Tuesday': '11:0-23:0', 'Wednesday': '11:0-23:0', 'Thursday': '11:0-23:0', 'Saturday': '11:0-23:0', 'Sunday': '11:0-22:0'}",21
IN,2.5,"{'Monday': '6:0-14:0', 'Tuesday': '6:0-14:0', 'Wednesday': '6:0-14:0', 'Thursday': '6:0-14:0', 'Friday': '6:0-14:0', 'Saturday': '7:0-14:0', 'Sunday': '7:0-14:0'}",20
IN,3.0,"{'Monday': '10:30-21:0', 'Tuesday': '10:30-21:0', 'Wednesday': '10:30-21:0', 'Thursday': '10:30-21:0', 'Friday': '10:30-21:0', 'Saturday': '10:30-21:0', 'Sunday': '10:30-21:0'}",16
FL,5.0,"{'Monday': '9:0-12:0', 'Tuesday': '9:0-12:0', 'Wednesday': '9:0-12:0', 'Thursday': '9:0-12:0', 'Friday': '9:0-12:0', 'Saturday': '9:0-12:0'}",12
IN,3.5,"{'Monday': '11:0-22:0', 'Tuesday': '11:0-22:0', 'Wednesday': '11:0-22:0', 'Thursday': '11:0-22:0', 'Friday': '11:0-22:0', 'Saturday': '11:0-22:0'}",198
IN,4.0,"{'Monday': '16:0-23:0', 'Tuesday': '16:0-23:0', 'Wednesday': '16:0-23:0', 'Thursday': '16:0-23:0', 'Friday': '16:0-0:0', 'Saturday': '16:0-0:0', 'Sunday': '16:0-22:0'}",365
FL,3.5,"{'Monday': '0:0-0:0', 'Tuesday': '9:0-22:0', 'Wednesday': '9:0-22:0', 'Thursday': '9:0-22:0', 'Friday': '9:0-22:0', 'Saturday': '9:0-22:0', 'Sunday': '9:0-22:0'}",6
IN,4.0,"{'Monday': '7:0-15:0', 'Tuesday': '7:0-20:0', 'Wednesday': '7:0-20:0', 'Thursday': '7:0-20:0', 'Friday': '7:0-20:0', 'Saturday': '7:0-20:0', 'Sunday': '7:0-15:0'}",12
MO,2.0,"{'Monday': '11:0-19:0', 'Tuesday': '11:0-19:0', 'Wednesday': '11:0-19:0', 'Thursday': '11:0-19:0', 'Friday': '11:0-19:0', 'Saturday': '11:0-19:0', 'Sunday': '11:0-19:0'}",41
IN,3.0,,5
FL,4.0,"{'Monday': '11:0-22:0', 'Tuesday': '11:0-22:0', 'Wednesday': '11:0-22:0', 'Thursday': '11:0-22:0', 'Friday': '11:0-23:0', 'Saturday': '11:0-23:0', 'Sunday': '11:0-22:0'}",72
PA,3.5,"{'Tuesday': '11:0-21:0', 'Wednesday': '11:0-21:0', 'Thursday': '11:0-21:0', 'Friday': '11:0-22:0', 'Saturday': '11:0-22:0', 'Sunday': '11:0-20:0'}",60
NJ,3.0,,89
FL,4.5,"{'Monday': '11:0-21:0', 'Tuesday': '11:0-21:0', 'Wednesday': '11:0-21:0', 'Thursday': '11:0-21:0', 'Friday': '11:0-22:0', 'Saturday': '11:0-22:0', 'Sunday': '11:0-21:0'}",314
FL,1.5,"{'Monday': '12:0-20:0', 'Tuesday': '12:0-20:0', 'Wednesday': '12:0-20:0', 'Thursday': '12:0-20:0', 'Friday': '11:0-0:0', 'Saturday': '11:0-0:0', 'Sunday': '12:0-20:0'}",15
AZ,4.0,,24
PA,2.5,"{'Monday': '11:0-16:0', 'Tuesday': '11:0-16:0', 'Wednesday': '11:0-16:0', 'Thursday': '11:0-16:0', 'Friday': '11:0-16:0'}",19
FL,2.5,"{'Monday': '16:30-20:30', 'Tuesday': '11:0-22:0', 'Wednesday': '11:0-22:0', 'Thursday': '11:0-22:0', 'Friday': '11:0-23:0', 'Saturday': '11:0-23:0', 'Sunday': '12:0-22:0'}",12
PA,3.5,"{'Monday': '10:0-22:0', 'Tuesday': '10:0-22:0', 'Wednesday': '10:0-22:0', 'Thursday': '10:0-22:0', 'Friday': '10:0-23:0', 'Saturday': '10:0-23:0', 'Sunday': '10:30-22:0'}",51
MO,3.5,,8
FL,3.5,"{'Monday': '11:0-22:0', 'Tuesday': '11:0-22:0', 'Wednesday': '11:0-22:0', 'Thursday': '11:0-22:0', 'Friday': '11:0-22:0', 'Saturday': '8:0-22:0', 'Sunday': '8:0-22:0'}",28
IL,2.0,"{'Monday': '10:0-0:0', 'Tuesday': '10:0-0:0', 'Wednesday': '10:0-0:0', 'Thursday': '10:0-0:0', 'Friday': '10:0-0:0', 'Saturday': '10:0-1:0', 'Sunday': '10:0-1:0'}",7
AZ,3.0,,16
IL,2.5,"{'Monday': '0:0-0:0', 'Tuesday': '11:0-22:0', 'Wednesday': '11:0-22:0', 'Thursday': '11:0-22:0', 'Friday': '11:0-23:0', 'Saturday': '11:0-23:0', 'Sunday': '11:0-22:0'}",32
PA,3.5,"{'Monday': '11:0-22:0', 'Tuesday': '11:0-22:0', 'Wednesday': '11:0-22:0', 'Thursday': '11:0-22:0', 'Friday': '11:0-22:0', 'Saturday': '11:0-22:0', 'Sunday': '12:0-21:30'}",19
PA,4.5,"{'Friday': '10:0-17:30', 'Saturday': '10:0-17:30', 'Sunday': '10:0-17:30'}",29
TN,3.5,"{'Monday': '11:0-22:0', 'Tuesday': '11:0-22:0', 'Wednesday': '11:0-22:0', 'Thursday': '11:0-22:0', 'Friday': '11:0-23:0', 'Saturday': '11:0-22:30', 'Sunday': '11:0-22:0'}",44
AB,4.5,"{'Tuesday': '11:0-21:0', 'Wednesday': '11:0-21:0', 'Thursday': '11:0-21:0', 'Friday': '11:0-22:0', 'Saturday': '11:0-22:0', 'Sunday': '11:0-21:0'}",10
